title,body,rating,review_date,reviewer_name,reviewer_email,product_id,product_handle
"Bahut Badiya Product","Ekdam pure Barley Talbina hai. Koi milawat ya artificial chini nahi hai. Bohot lajawab taste hai.",5,2026-06-15 12:00:00 +0000,"Sikandar Hayat",sikandarhayat69@gmail.com,9358517240059,buy-talbina-500gm-get-talbina-250gm-free
"Having this Talbina every morning with warm milk and honey","Having this Talbina every morning with warm milk and honey. Kept me energetic and light throughout the day.",4,2026-06-20 12:00:00 +0000,"Yasmeen Bano",yasmeenbano14@gmail.com,9358517240059,buy-talbina-500gm-get-talbina-250gm-free
"Bahut Badiya Product","MashaAllah roz subah garam doodh aur shehed ke saath leta hoon, din bhar bohot energetic feel hota hai.",5,2026-08-13 12:00:00 +0000,"Majid Ali",majidali50@gmail.com,9358517240059,buy-talbina-500gm-get-talbina-250gm-free
"Bahut Badiya Product","Bina kisi chemical ke pure herbal formulation hai. Scalp bilkul clean aur fresh rehti hai.",4,2026-06-29 12:00:00 +0000,"Sunita Rao",sunitarao61@gmail.com,9358577959163,kalonji-shampoo-200ml
"Dandruff vanished and scalp feels super clean and fresh","Dandruff vanished and scalp feels super clean and fresh. Smells pleasant and herbal.",5,2026-06-17 12:00:00 +0000,"Pooja Malhotra",poojamalhotra90@gmail.com,9358577959163,kalonji-shampoo-200ml
"Bahut Badiya Product","Hair fall aur hair breakage ke liye sabse behtar ilaj hai. Main apne doston ko bhi recommend kar raha hoon.",5,2026-08-08 12:00:00 +0000,"Bushra Khan",bushrakhan58@gmail.com,9358577959163,kalonji-shampoo-200ml
"Bahut Badiya Product","Ekdam pure traditional fermentation hai bina kisi preservative ke. Genuine product hai.",4,2026-07-22 12:00:00 +0000,"Sandeep Singh",sandeepsingh36@gmail.com,9358635073787,al-tamr-dates-vinegar
"Best authentic Cider Vinegar available","Best authentic Cider Vinegar available. Daily 1 spoon in lukewarm water works wonders for energy.",4,2026-06-04 12:00:00 +0000,"Gurpreet Singh",gurpreetsingh32@gmail.com,9358635073787,al-tamr-dates-vinegar
"Bahut Badiya Product","Weight management aur stomach detox ke liye bohot kamal ki cheez hai.",5,2026-07-29 12:00:00 +0000,"Sunita Rao",sunitarao53@gmail.com,9358635073787,al-tamr-dates-vinegar
"Noticeable improvement in digestion within a week","Noticeable improvement in digestion within a week. Highly recommended for daily detox.",5,2026-08-28 12:00:00 +0000,"Amreen Bano",amreenbano68@gmail.com,9358635073787,al-tamr-dates-vinegar
"Bahut Badiya Product","Mene apne abba ke liye mangwaya tha, unhe kafi aaram mila hai. Very satisfied!",5,2026-08-18 12:00:00 +0000,"Sadia Parveen",sadiaparveen15@gmail.com,9358651064571,marzanjosh-25-gm
"Completely transformed my daily wellness experience","Completely transformed my daily wellness experience. Excellent quality and fast shipping.",5,2026-07-16 12:00:00 +0000,"Farhan Qureshi",farhanqureshi73@gmail.com,9358651064571,marzanjosh-25-gm
"Bahut Badiya Product","Aam bolchal mein kahun toh lajawab product hai. Rozana ki routine mein shamil kar liya hai.",5,2026-07-13 12:00:00 +0000,"Pooja Malhotra",poojamalhotra24@gmail.com,9358651064571,marzanjosh-25-gm
"Bahut Badiya Product","100% pure aur asli herbal oil hai. Joints aur muscle dard mein turant aaram milta hai.",5,2026-07-13 12:00:00 +0000,"Khadija Bano",khadijabano67@gmail.com,9358685176059,tibb-e-nafs-oil-100-natural
"Quick relief and deep absorption","Quick relief and deep absorption. Highly effective natural formulation.",5,2026-07-11 12:00:00 +0000,"Neha Gupta",nehagupta20@gmail.com,9358685176059,tibb-e-nafs-oil-100-natural
"Bahut Badiya Product","Soothing aroma hai aur pehle istemal mein hi fark mehsoos hua. Highly recommended!",5,2026-06-03 12:00:00 +0000,"Gulzar Hussain",gulzarhussain22@gmail.com,9358685176059,tibb-e-nafs-oil-100-natural
"Tried multiple brands but Al-Tooba's purity stands far apart","Tried multiple brands but Al-Tooba's purity stands far apart. Excellent quality oil.",5,2026-07-03 12:00:00 +0000,"Yasmeen Bano",yasmeenbano34@gmail.com,9358685176059,tibb-e-nafs-oil-100-natural
"Bahut Badiya Product","Soothing aroma hai aur pehle istemal mein hi fark mehsoos hua. Highly recommended!",5,2026-07-11 12:00:00 +0000,"Nadia Jamil",nadiajamil28@gmail.com,9358701232379,black-seed-oil-capsule
"Tried multiple brands but Al-Tooba's purity stands far apart","Tried multiple brands but Al-Tooba's purity stands far apart. Excellent quality oil.",5,2026-06-22 12:00:00 +0000,"Dr. Salman F.",drsalmanf13@gmail.com,9358701232379,black-seed-oil-capsule
"Bahut Badiya Product","100% pure aur asli herbal oil hai. Joints aur muscle dard mein turant aaram milta hai.",5,2026-06-17 12:00:00 +0000,"Gulzar Hussain",gulzarhussain57@gmail.com,9358701232379,black-seed-oil-capsule
"100% pure and potent","100% pure and potent. Rich texture and genuine herbal potency. Very soothing.",5,2026-07-16 12:00:00 +0000,"Humaira Sheikh",humairasheikh88@gmail.com,9358701232379,black-seed-oil-capsule
"Bahut Badiya Product","Kafi brands try kiye par Al-Tooba ki purity sabse alag hai. Ekdam zabardast result.",5,2026-06-07 12:00:00 +0000,"Tasneem Kausar",tasneemkausar75@gmail.com,9358713422075,al-rayhan-tulsi-essential-oil
"Quick relief and deep absorption","Quick relief and deep absorption. Highly effective natural formulation.",5,2026-08-27 12:00:00 +0000,"Azhar Mahmood",azharmahmood23@gmail.com,9358713422075,al-rayhan-tulsi-essential-oil
"Bahut Badiya Product","Kafi brands try kiye par Al-Tooba ki purity sabse alag hai. Ekdam zabardast result.",5,2026-07-19 12:00:00 +0000,"Bushra Khan",bushrakhan64@gmail.com,9358713422075,al-rayhan-tulsi-essential-oil
"Bahut Badiya Product","Bahut hi badiya product hai, packaging bhi 10/10 thi aur delivery 3 din mein ho gayi.",5,2026-08-11 12:00:00 +0000,"Pooja Malhotra",poojamalhotra27@gmail.com,9358724137211,qalbina-nuskha500ml
"Genuine formulation with no artificial fillers","Genuine formulation with no artificial fillers. Exceeded all my expectations.",5,2026-08-19 12:00:00 +0000,"Dr. Ananya Sharma",drananyasharma32@gmail.com,9358724137211,qalbina-nuskha500ml
"Bahut Badiya Product","Aam bolchal mein kahun toh lajawab product hai. Rozana ki routine mein shamil kar liya hai.",5,2026-08-11 12:00:00 +0000,"Tahira Jabeen",tahirajabeen35@gmail.com,9358724137211,qalbina-nuskha500ml
"Genuine formulation with no artificial fillers","Genuine formulation with no artificial fillers. Exceeded all my expectations.",5,2026-07-14 12:00:00 +0000,"Lubna Zaidi",lubnazaidi98@gmail.com,9358724137211,qalbina-nuskha500ml
"Bahut Badiya Product","Roz lene se susti aur weakness ekdam khatam ho gayi. Bahut hi badiya product hai.",5,2026-07-15 12:00:00 +0000,"Farzana Kausar",farzanakausar79@gmail.com,9365763883259,talbina
"My whole family loves this","My whole family loves this. Great nutritional support for bones, gut health, and general weakness.",5,2026-07-16 12:00:00 +0000,"Pooja Malhotra",poojamalhotra91@gmail.com,9365763883259,talbina
"Bahut Badiya Product","MashaAllah roz subah garam doodh aur shehed ke saath leta hoon, din bhar bohot energetic feel hota hai.",5,2026-08-08 12:00:00 +0000,"Dr. Ananya Sharma",drananyasharma95@gmail.com,9365763883259,talbina
"Sunnah superfood at its purest","Sunnah superfood at its purest. Finely ground, fresh aroma, and wholesome taste.",5,2026-08-21 12:00:00 +0000,"Khadija Bano",khadijabano73@gmail.com,9365763883259,talbina
"Bahut Badiya Product","Hair fall aur hair breakage ke liye sabse behtar ilaj hai. Main apne doston ko bhi recommend kar raha hoon.",5,2026-07-16 12:00:00 +0000,"Nasreen Akhtar",nasreenakhtar60@gmail.com,9365765783803,kalonji-shampoo
"After using for 3 weeks, my hair fall stopped almost completely","After using for 3 weeks, my hair fall stopped almost completely. Hair feels much thicker and healthier!",5,2026-07-27 12:00:00 +0000,"Sunita Rao",sunitarao86@gmail.com,9365765783803,kalonji-shampoo
"Bahut Badiya Product","Bina kisi chemical ke pure herbal formulation hai. Scalp bilkul clean aur fresh rehti hai.",5,2026-07-02 12:00:00 +0000,"Shahid Ali",shahidali92@gmail.com,9365765783803,kalonji-shampoo
"Best natural hair care remedy","Best natural hair care remedy. Pure herbal formulation with no sulphate or harsh chemicals.",5,2026-06-18 12:00:00 +0000,"Imran Malik",imranmalik78@gmail.com,9365765783803,kalonji-shampoo
"Bahut Badiya Product","Soothing aroma hai aur pehle istemal mein hi fark mehsoos hua. Highly recommended!",5,2026-06-02 12:00:00 +0000,"Gurpreet Singh",gurpreetsingh73@gmail.com,9365767487739,tibb-e-nafs
"Quick relief and deep absorption","Quick relief and deep absorption. Highly effective natural formulation.",5,2026-06-30 12:00:00 +0000,"Yasmeen Bano",yasmeenbano41@gmail.com,9365767487739,tibb-e-nafs
"Bahut Badiya Product","Kafi brands try kiye par Al-Tooba ki purity sabse alag hai. Ekdam zabardast result.",5,2026-06-23 12:00:00 +0000,"Farzana Kausar",farzanakausar88@gmail.com,9365767487739,tibb-e-nafs
"Bahut Badiya Product","Soothing aroma hai aur pehle istemal mein hi fark mehsoos hua. Highly recommended!",5,2026-06-24 12:00:00 +0000,"Dr. Ananya Sharma",drananyasharma21@gmail.com,9365770862843,black-seed-oil-capsule-1
"100% pure and potent","100% pure and potent. Rich texture and genuine herbal potency. Very soothing.",5,2026-08-13 12:00:00 +0000,"Irfan Habib",irfanhabib87@gmail.com,9365770862843,black-seed-oil-capsule-1
"Bahut Badiya Product","Soothing aroma hai aur pehle istemal mein hi fark mehsoos hua. Highly recommended!",5,2026-06-26 12:00:00 +0000,"Gurpreet Singh",gurpreetsingh76@gmail.com,9365770862843,black-seed-oil-capsule-1
"Tried multiple brands but Al-Tooba's purity stands far apart","Tried multiple brands but Al-Tooba's purity stands far apart. Excellent quality oil.",5,2026-07-18 12:00:00 +0000,"Hafsa Sheikh",hafsasheikh41@gmail.com,9365770862843,black-seed-oil-capsule-1
"Bahut Badiya Product","Bahut hi badiya product hai, packaging bhi 10/10 thi aur delivery 3 din mein ho gayi.",5,2026-07-18 12:00:00 +0000,"Gulzar Hussain",gulzarhussain47@gmail.com,9365772599547,qalbina
"Al-Tooba's purity is unmatched","Al-Tooba's purity is unmatched. Beautiful packaging and top-tier product quality.",5,2026-07-28 12:00:00 +0000,"Zubair Khan",zubairkhan18@gmail.com,9365772599547,qalbina
"Bahut Badiya Product","Bahut hi badiya product hai, packaging bhi 10/10 thi aur delivery 3 din mein ho gayi.",5,2026-08-30 12:00:00 +0000,"Imran Malik",imranmalik53@gmail.com,9365772599547,qalbina
"Bahut Badiya Product","Ghar ke elders ke liye mangwaya tha, unki health aur weakness mein bohot fayda mila.",5,2026-08-22 12:00:00 +0000,"Yasmeen Bano",yasmeenbano94@gmail.com,9377677148411,dry-quince-capsulcapsule
"Noticeable improvement in daily stamina and digestion","Noticeable improvement in daily stamina and digestion. Highly recommended.",4,2026-07-20 12:00:00 +0000,"Shabana Parveen",shabanaparveen34@gmail.com,9377677148411,dry-quince-capsulcapsule
"Bahut Badiya Product","15 din use karne ke baad body ka stamina aur active feeling bohot badh gayi hai.",5,2026-07-30 12:00:00 +0000,"Rehan Ansari",rehanansari57@gmail.com,9377677148411,dry-quince-capsulcapsule
"Bahut Badiya Product","Weight management aur stomach detox ke liye bohot kamal ki cheez hai.",5,2026-07-01 12:00:00 +0000,"Rohan Das",rohandas66@gmail.com,9377686159611,apple-cider-vinegar-500ml
"Helped immensely with acid reflux, gut digestion, and weight management","Helped immensely with acid reflux, gut digestion, and weight management. Tastes pure and natural.",5,2026-08-13 12:00:00 +0000,"Imran Malik",imranmalik61@gmail.com,9377686159611,apple-cider-vinegar-500ml
"Bahut Badiya Product","Weight management aur stomach detox ke liye bohot kamal ki cheez hai.",5,2026-06-27 12:00:00 +0000,"Neha Gupta",nehagupta46@gmail.com,9377686159611,apple-cider-vinegar-500ml
"Bahut Badiya Product","Ghar ke elders ke liye mangwaya tha, unki health aur weakness mein bohot fayda mila.",5,2026-06-27 12:00:00 +0000,"Bilal Siddiqui",bilalsiddiqui11@gmail.com,9377687961851,ajwa-tonic500-ml
"Life changer wellness formulation","Life changer wellness formulation. High quality authentic herbs that restore vitality and mental clarity.",5,2026-08-21 12:00:00 +0000,"Hafsa Sheikh",hafsasheikh41@gmail.com,9377687961851,ajwa-tonic500-ml
"Bahut Badiya Product","Natural herbs ka pure combination hai. Physical weakness door karne ke liye best formulation hai.",4,2026-08-23 12:00:00 +0000,"Dr. Ananya Sharma",drananyasharma58@gmail.com,9377687961851,ajwa-tonic500-ml
"Within 15 days I felt a massive boost in physical energy and stamina","Within 15 days I felt a massive boost in physical energy and stamina. Pure synergistic herbs.",5,2026-07-30 12:00:00 +0000,"Sikandar Hayat",sikandarhayat36@gmail.com,9377687961851,ajwa-tonic500-ml
"Bahut Badiya Product","Natural herbs ka pure combination hai. Physical weakness door karne ke liye best formulation hai.",5,2026-06-11 12:00:00 +0000,"Bilal Siddiqui",bilalsiddiqui75@gmail.com,9377689436411,charaita-capsulecapsule
"Best investment for overall health","Best investment for overall health. Everything included is of premium natural quality.",5,2026-07-04 12:00:00 +0000,"Khadija Bano",khadijabano31@gmail.com,9377689436411,charaita-capsulecapsule
"Bahut Badiya Product","Ghar ke elders ke liye mangwaya tha, unki health aur weakness mein bohot fayda mila.",5,2026-08-27 12:00:00 +0000,"Rajesh Kumar",rajeshkumar66@gmail.com,9377689436411,charaita-capsulecapsule
"Bahut Badiya Product","Authentic prophetic herbs hain. Pehle se kafi behtar lag raha hai daily energy level.",5,2026-08-12 12:00:00 +0000,"Alok Srivastava",aloksrivastava74@gmail.com,9377691631867,tibbe-live-capsule
"Within 15 days I felt a massive boost in physical energy and stamina","Within 15 days I felt a massive boost in physical energy and stamina. Pure synergistic herbs.",5,2026-08-29 12:00:00 +0000,"Alok Srivastava",aloksrivastava29@gmail.com,9377691631867,tibbe-live-capsule
"Bahut Badiya Product","15 din use karne ke baad body ka stamina aur active feeling bohot badh gayi hai.",5,2026-06-02 12:00:00 +0000,"Rukhsana Begum",rukhsanabegum80@gmail.com,9377691631867,tibbe-live-capsule
"Within 15 days I felt a massive boost in physical energy and stamina","Within 15 days I felt a massive boost in physical energy and stamina. Pure synergistic herbs.",5,2026-07-03 12:00:00 +0000,"Rajesh Kumar",rajeshkumar82@gmail.com,9377691631867,tibbe-live-capsule
"Bahut Badiya Product","15 din use karne ke baad body ka stamina aur active feeling bohot badh gayi hai.",5,2026-08-29 12:00:00 +0000,"Fauzia Khan",fauziakhan79@gmail.com,9377694777595,uri-tibb-capsules
"Noticeable improvement in daily stamina and digestion","Noticeable improvement in daily stamina and digestion. Highly recommended.",5,2026-07-26 12:00:00 +0000,"Lubna Zaidi",lubnazaidi37@gmail.com,9377694777595,uri-tibb-capsules
"Bahut Badiya Product","Authentic prophetic herbs hain. Pehle se kafi behtar lag raha hai daily energy level.",4,2026-07-12 12:00:00 +0000,"Hamza Qureshi",hamzaqureshi52@gmail.com,9377694777595,uri-tibb-capsules
"Bahut Badiya Product","Weight management aur stomach detox ke liye bohot kamal ki cheez hai.",5,2026-07-11 12:00:00 +0000,"Azhar Mahmood",azharmahmood10@gmail.com,9377698382075,pomegranate-cider-vinger500ml
"Helped immensely with acid reflux, gut digestion, and weight management","Helped immensely with acid reflux, gut digestion, and weight management. Tastes pure and natural.",5,2026-06-19 12:00:00 +0000,"Gurpreet Singh",gurpreetsingh83@gmail.com,9377698382075,pomegranate-cider-vinger500ml
"Bahut Badiya Product","Roz subah gungune paani mein 1 chamach leta hoon. Digestion aur body energy dono badiya rehte hain.",5,2026-07-19 12:00:00 +0000,"Vikram Mehta",vikrammehta24@gmail.com,9377698382075,pomegranate-cider-vinger500ml
"Pure and traditional formulation","Pure and traditional formulation. Strong, authentic fermentation without synthetic additives.",5,2026-08-18 12:00:00 +0000,"Lubna Zaidi",lubnazaidi27@gmail.com,9377698382075,pomegranate-cider-vinger500ml
"Bahut Badiya Product","100% pure aur asli herbal oil hai. Joints aur muscle dard mein turant aaram milta hai.",5,2026-07-02 12:00:00 +0000,"Atif Raza",atifraza59@gmail.com,9377699528955,pain-relief-massage-oil
"Quick relief and deep absorption","Quick relief and deep absorption. Highly effective natural formulation.",5,2026-06-28 12:00:00 +0000,"Meenakshi Sundaram",meenakshisundaram71@gmail.com,9377699528955,pain-relief-massage-oil
"Bahut Badiya Product","Bohot jaldi absorb hota hai aur skin par chipchipahat nahi hoti. Quality bohot lajawab hai.",5,2026-08-19 12:00:00 +0000,"Gurpreet Singh",gurpreetsingh99@gmail.com,9377699528955,pain-relief-massage-oil
"Bahut Badiya Product","Product ki packing aur bottle ki quality bohot premium hai. Result bhi 1 hafte mein dikha.",5,2026-06-02 12:00:00 +0000,"Rajesh Kumar",rajeshkumar65@gmail.com,9377702871291,kalonji-niswan-tea200gm
"The quality is incredibly pure","The quality is incredibly pure. I've noticed a huge positive difference in my daily routine.",5,2026-08-19 12:00:00 +0000,"Zaid Parveen",zaidparveen19@gmail.com,9377702871291,kalonji-niswan-tea200gm
"Bahut Badiya Product","Bahut hi badiya product hai, packaging bhi 10/10 thi aur delivery 3 din mein ho gayi.",5,2026-07-01 12:00:00 +0000,"Shazia Manzoor",shaziamanzoor25@gmail.com,9377702871291,kalonji-niswan-tea200gm
"Bahut Badiya Product","Aam bolchal mein kahun toh lajawab product hai. Rozana ki routine mein shamil kar liya hai.",5,2026-07-03 12:00:00 +0000,"Neha Gupta",nehagupta25@gmail.com,9377707131131,gond-moringa
"The quality is incredibly pure","The quality is incredibly pure. I've noticed a huge positive difference in my daily routine.",5,2026-07-15 12:00:00 +0000,"Rahul Verma",rahulverma41@gmail.com,9377707131131,gond-moringa
"Bahut Badiya Product","Aam bolchal mein kahun toh lajawab product hai. Rozana ki routine mein shamil kar liya hai.",4,2026-07-28 12:00:00 +0000,"Shahid Ali",shahidali96@gmail.com,9377707131131,gond-moringa
"Bahut Badiya Product","Aam bolchal mein kahun toh lajawab product hai. Rozana ki routine mein shamil kar liya hai.",5,2026-07-24 12:00:00 +0000,"Sana Kausar",sanakausar24@gmail.com,9377709588731,saweeq-al-bahi300gm
"It's exactly what I was looking for","It's exactly what I was looking for. Will definitely reorder soon.",5,2026-07-23 12:00:00 +0000,"Majid Ali",majidali17@gmail.com,9377709588731,saweeq-al-bahi300gm
"Bahut Badiya Product","Mene apne abba ke liye mangwaya tha, unhe kafi aaram mila hai. Very satisfied!",5,2026-07-22 12:00:00 +0000,"Neha Gupta",nehagupta83@gmail.com,9377709588731,saweeq-al-bahi300gm
"Bahut Badiya Product","Authentic prophetic herbs hain. Pehle se kafi behtar lag raha hai daily energy level.",5,2026-06-22 12:00:00 +0000,"Divya Pillai",divyapillai75@gmail.com,9377712603387,j-capsule
"Life changer wellness formulation","Life changer wellness formulation. High quality authentic herbs that restore vitality and mental clarity.",5,2026-06-05 12:00:00 +0000,"Gulzar Hussain",gulzarhussain34@gmail.com,9377712603387,j-capsule
"Bahut Badiya Product","Authentic prophetic herbs hain. Pehle se kafi behtar lag raha hai daily energy level.",5,2026-08-10 12:00:00 +0000,"Gulzar Hussain",gulzarhussain65@gmail.com,9377712603387,j-capsule
"Noticeable improvement in daily stamina and digestion","Noticeable improvement in daily stamina and digestion. Highly recommended.",5,2026-06-04 12:00:00 +0000,"Zaid Parveen",zaidparveen60@gmail.com,9377712603387,j-capsule
"Bahut Badiya Product","Roz subah gungune paani mein 1 chamach leta hoon. Digestion aur body energy dono badiya rehte hain.",5,2026-08-15 12:00:00 +0000,"Irfan Habib",irfanhabib31@gmail.com,9377713422587,jamun-cider-vinger500-ml
"Pure and traditional formulation","Pure and traditional formulation. Strong, authentic fermentation without synthetic additives.",5,2026-08-17 12:00:00 +0000,"Usman Gani",usmangani66@gmail.com,9377713422587,jamun-cider-vinger500-ml
"Bahut Badiya Product","Weight management aur stomach detox ke liye bohot kamal ki cheez hai.",5,2026-07-05 12:00:00 +0000,"Dr. Salman F.",drsalmanf49@gmail.com,9377713422587,jamun-cider-vinger500-ml
"Bahut Badiya Product","Weight management aur stomach detox ke liye bohot kamal ki cheez hai.",4,2026-07-19 12:00:00 +0000,"Sunita Rao",sunitarao30@gmail.com,9377714274555,kalonji-cider-vinger
"Best authentic Cider Vinegar available","Best authentic Cider Vinegar available. Daily 1 spoon in lukewarm water works wonders for energy.",5,2026-06-27 12:00:00 +0000,"Deepak Joshi",deepakjoshi19@gmail.com,9377714274555,kalonji-cider-vinger
"Bahut Badiya Product","Ekdam pure traditional fermentation hai bina kisi preservative ke. Genuine product hai.",4,2026-07-18 12:00:00 +0000,"Tariq Jamil",tariqjamil33@gmail.com,9377714274555,kalonji-cider-vinger
"Bahut Badiya Product","Ekdam pure traditional fermentation hai bina kisi preservative ke. Genuine product hai.",5,2026-08-04 12:00:00 +0000,"Rohan Das",rohandas77@gmail.com,9377717092603,olive-cider-vineger
"Best authentic Cider Vinegar available","Best authentic Cider Vinegar available. Daily 1 spoon in lukewarm water works wonders for energy.",5,2026-06-20 12:00:00 +0000,"Tariq Mahmood",tariqmahmood12@gmail.com,9377717092603,olive-cider-vineger
"Bahut Badiya Product","Weight management aur stomach detox ke liye bohot kamal ki cheez hai.",5,2026-06-20 12:00:00 +0000,"Jamshed Khan",jamshedkhan12@gmail.com,9377717092603,olive-cider-vineger
"Noticeable improvement in digestion within a week","Noticeable improvement in digestion within a week. Highly recommended for daily detox.",5,2026-08-02 12:00:00 +0000,"Farzana Kausar",farzanakausar78@gmail.com,9377717092603,olive-cider-vineger
"Bahut Badiya Product","15 din use karne ke baad body ka stamina aur active feeling bohot badh gayi hai.",5,2026-07-21 12:00:00 +0000,"Imran Malik",imranmalik90@gmail.com,9377720041723,royaljelly60-capsule
"Best investment for overall health","Best investment for overall health. Everything included is of premium natural quality.",5,2026-07-07 12:00:00 +0000,"Hamza Qureshi",hamzaqureshi36@gmail.com,9377720041723,royaljelly60-capsule
"Bahut Badiya Product","Natural herbs ka pure combination hai. Physical weakness door karne ke liye best formulation hai.",5,2026-07-14 12:00:00 +0000,"Tariq Jamil",tariqjamil16@gmail.com,9377720041723,royaljelly60-capsule
"Within 15 days I felt a massive boost in physical energy and stamina","Within 15 days I felt a massive boost in physical energy and stamina. Pure synergistic herbs.",5,2026-08-10 12:00:00 +0000,"Amreen Bano",amreenbano45@gmail.com,9377720041723,royaljelly60-capsule
"Bahut Badiya Product","Shuru mein thoda doubt tha par use karne ke baad sach mein pureness feel hui. Shukriya!",5,2026-06-12 12:00:00 +0000,"Farzana Kausar",farzanakausar72@gmail.com,9377721057531,shifa-ul-madina
"May Allah bless the team for providing authentic prophetic remedies","May Allah bless the team for providing authentic prophetic remedies.",5,2026-08-04 12:00:00 +0000,"Divya Pillai",divyapillai45@gmail.com,9377721057531,shifa-ul-madina
"Bahut Badiya Product","Mene apne abba ke liye mangwaya tha, unhe kafi aaram mila hai. Very satisfied!",5,2026-07-29 12:00:00 +0000,"Amit Patel",amitpatel81@gmail.com,9377721057531,shifa-ul-madina
"Bahut Badiya Product","Ghar ke elders ke liye mangwaya tha, unki health aur weakness mein bohot fayda mila.",5,2026-07-28 12:00:00 +0000,"Vikas Nair",vikasnair13@gmail.com,9377722794235,tibbe-diab-for-diabetes
"Life changer wellness formulation","Life changer wellness formulation. High quality authentic herbs that restore vitality and mental clarity.",5,2026-08-06 12:00:00 +0000,"Amreen Bano",amreenbano39@gmail.com,9377722794235,tibbe-diab-for-diabetes
"Bahut Badiya Product","Ghar ke elders ke liye mangwaya tha, unki health aur weakness mein bohot fayda mila.",4,2026-07-18 12:00:00 +0000,"Deepak Joshi",deepakjoshi99@gmail.com,9377722794235,tibbe-diab-for-diabetes
"Best investment for overall health","Best investment for overall health. Everything included is of premium natural quality.",5,2026-08-27 12:00:00 +0000,"Zaid Parveen",zaidparveen45@gmail.com,9377722794235,tibbe-diab-for-diabetes
"Bahut Badiya Product","Sirka lene se pet ki gas aur acid reflux mein bohot jaldi aaram mila. Hazma ekdam badiya rehne laga.",5,2026-07-05 12:00:00 +0000,"Imran Malik",imranmalik41@gmail.com,9377724924155,grapes-cider-vinegar
"Noticeable improvement in digestion within a week","Noticeable improvement in digestion within a week. Highly recommended for daily detox.",5,2026-07-19 12:00:00 +0000,"Irfan Habib",irfanhabib45@gmail.com,9377724924155,grapes-cider-vinegar
"Bahut Badiya Product","Sirka lene se pet ki gas aur acid reflux mein bohot jaldi aaram mila. Hazma ekdam badiya rehne laga.",5,2026-07-18 12:00:00 +0000,"Yasmeen Bano",yasmeenbano68@gmail.com,9377724924155,grapes-cider-vinegar
"Helped immensely with acid reflux, gut digestion, and weight management","Helped immensely with acid reflux, gut digestion, and weight management. Tastes pure and natural.",5,2026-06-11 12:00:00 +0000,"Irfan Habib",irfanhabib83@gmail.com,9377724924155,grapes-cider-vinegar
"Bahut Badiya Product","Mene apne abba ke liye mangwaya tha, unhe kafi aaram mila hai. Very satisfied!",4,2026-07-11 12:00:00 +0000,"Sandeep Singh",sandeepsingh64@gmail.com,9377732067579,sufuf-e-hayath
"Authentic products are hard to find, but this is the real deal","Authentic products are hard to find, but this is the real deal. Highly recommended.",5,2026-08-17 12:00:00 +0000,"Tahira Jabeen",tahirajabeen59@gmail.com,9377732067579,sufuf-e-hayath
"Bahut Badiya Product","Product ki packing aur bottle ki quality bohot premium hai. Result bhi 1 hafte mein dikha.",5,2026-07-09 12:00:00 +0000,"Amreen Bano",amreenbano60@gmail.com,9377732067579,sufuf-e-hayath
"The quality is incredibly pure","The quality is incredibly pure. I've noticed a huge positive difference in my daily routine.",5,2026-07-27 12:00:00 +0000,"Rahul Verma",rahulverma85@gmail.com,9377732067579,sufuf-e-hayath
"Bahut Badiya Product","Bohot jaldi absorb hota hai aur skin par chipchipahat nahi hoti. Quality bohot lajawab hai.",5,2026-06-19 12:00:00 +0000,"Tanveer Alam",tanveeralam30@gmail.com,9377734033659,olive-oil500-ml
"Soothing aroma and quick joint & muscle relief","Soothing aroma and quick joint & muscle relief. Truly authentic.",5,2026-07-22 12:00:00 +0000,"Arif Hussain",arifhussain48@gmail.com,9377734033659,olive-oil500-ml
"Bahut Badiya Product","100% pure aur asli herbal oil hai. Joints aur muscle dard mein turant aaram milta hai.",4,2026-07-18 12:00:00 +0000,"Shabana Parveen",shabanaparveen10@gmail.com,9377734033659,olive-oil500-ml
"Bahut Badiya Product","3 hafte use karne ke baad baal jhadna 90% kam ho gaya hai. Baal kafi ghane aur soft lagne lage hain.",5,2026-07-12 12:00:00 +0000,"Rahul Verma",rahulverma21@gmail.com,9392732274939,al-tooba-complete-hair-care-wellness-kit
"After using for 3 weeks, my hair fall stopped almost completely","After using for 3 weeks, my hair fall stopped almost completely. Hair feels much thicker and healthier!",5,2026-06-10 12:00:00 +0000,"Farhan Qureshi",farhanqureshi80@gmail.com,9392732274939,al-tooba-complete-hair-care-wellness-kit
"Bahut Badiya Product","Bina kisi chemical ke pure herbal formulation hai. Scalp bilkul clean aur fresh rehti hai.",5,2026-08-20 12:00:00 +0000,"Meenakshi Sundaram",meenakshisundaram28@gmail.com,9392732274939,al-tooba-complete-hair-care-wellness-kit
"Dandruff vanished and scalp feels super clean and fresh","Dandruff vanished and scalp feels super clean and fresh. Smells pleasant and herbal.",5,2026-08-21 12:00:00 +0000,"Farzana Kausar",farzanakausar50@gmail.com,9392732274939,al-tooba-complete-hair-care-wellness-kit
"Bahut Badiya Product","Bohot achhi quality hai. Pehle se kafi behtar lag raha hai baalon ka volume.",5,2026-07-01 12:00:00 +0000,"Rehan Ansari",rehanansari45@gmail.com,9392745251067,313-hair-oil
"Great product for daily hair nourishment","Great product for daily hair nourishment. Very satisfied with the results.",5,2026-08-15 12:00:00 +0000,"Khadija Bano",khadijabano33@gmail.com,9392745251067,313-hair-oil
"Bahut Badiya Product","Hair fall aur hair breakage ke liye sabse behtar ilaj hai. Main apne doston ko bhi recommend kar raha hoon.",5,2026-08-04 12:00:00 +0000,"Nasreen Akhtar",nasreenakhtar35@gmail.com,9392745251067,313-hair-oil
"Dandruff vanished and scalp feels super clean and fresh","Dandruff vanished and scalp feels super clean and fresh. Smells pleasant and herbal.",4,2026-06-18 12:00:00 +0000,"Karan Agarwal",karanagarwal10@gmail.com,9392745251067,313-hair-oil
"Bahut Badiya Product","Hair fall aur hair breakage ke liye sabse behtar ilaj hai. Main apne doston ko bhi recommend kar raha hoon.",5,2026-08-04 12:00:00 +0000,"Dr. Ananya Sharma",drananyasharma80@gmail.com,9392747086075,hair-care
"After using for 3 weeks, my hair fall stopped almost completely","After using for 3 weeks, my hair fall stopped almost completely. Hair feels much thicker and healthier!",5,2026-07-09 12:00:00 +0000,"Azhar Mahmood",azharmahmood34@gmail.com,9392747086075,hair-care
"Bahut Badiya Product","Bohot achhi quality hai. Pehle se kafi behtar lag raha hai baalon ka volume.",5,2026-07-08 12:00:00 +0000,"Bilal Siddiqui",bilalsiddiqui83@gmail.com,9392747086075,hair-care
"Best natural hair care remedy","Best natural hair care remedy. Pure herbal formulation with no sulphate or harsh chemicals.",5,2026-07-25 12:00:00 +0000,"Dr. Ananya Sharma",drananyasharma21@gmail.com,9392747086075,hair-care
"Bahut Badiya Product","15 din use karne ke baad body ka stamina aur active feeling bohot badh gayi hai.",5,2026-07-23 12:00:00 +0000,"Sunita Rao",sunitarao41@gmail.com,9392755015931,al-tooba-shilajit-capsules
"Life changer wellness formulation","Life changer wellness formulation. High quality authentic herbs that restore vitality and mental clarity.",5,2026-07-15 12:00:00 +0000,"Rajesh Kumar",rajeshkumar75@gmail.com,9392755015931,al-tooba-shilajit-capsules
"Bahut Badiya Product","Ghar ke elders ke liye mangwaya tha, unki health aur weakness mein bohot fayda mila.",5,2026-07-01 12:00:00 +0000,"Yasmeen Bano",yasmeenbano30@gmail.com,9392755015931,al-tooba-shilajit-capsules
"Bahut Badiya Product","15 din use karne ke baad body ka stamina aur active feeling bohot badh gayi hai.",5,2026-08-23 12:00:00 +0000,"Sana Kausar",sanakausar37@gmail.com,9392761405691,vitaseven-capsules
"Best investment for overall health","Best investment for overall health. Everything included is of premium natural quality.",5,2026-07-19 12:00:00 +0000,"Shabana Parveen",shabanaparveen59@gmail.com,9392761405691,vitaseven-capsules
"Bahut Badiya Product","Authentic prophetic herbs hain. Pehle se kafi behtar lag raha hai daily energy level.",5,2026-07-10 12:00:00 +0000,"Sana Kausar",sanakausar12@gmail.com,9392761405691,vitaseven-capsules
"Within 15 days I felt a massive boost in physical energy and stamina","Within 15 days I felt a massive boost in physical energy and stamina. Pure synergistic herbs.",5,2026-06-29 12:00:00 +0000,"Shazia Manzoor",shaziamanzoor12@gmail.com,9392761405691,vitaseven-capsules
"Bahut Badiya Product","Natural herbs ka pure combination hai. Physical weakness door karne ke liye best formulation hai.",5,2026-06-02 12:00:00 +0000,"Nasreen Akhtar",nasreenakhtar71@gmail.com,9392762913019,al-tooba-premium-men-s-sexual-wellness-kit
"Noticeable improvement in daily stamina and digestion","Noticeable improvement in daily stamina and digestion. Highly recommended.",5,2026-06-07 12:00:00 +0000,"Pooja Malhotra",poojamalhotra95@gmail.com,9392762913019,al-tooba-premium-men-s-sexual-wellness-kit
"Bahut Badiya Product","Ghar ke elders ke liye mangwaya tha, unki health aur weakness mein bohot fayda mila.",4,2026-08-25 12:00:00 +0000,"Nadia Jamil",nadiajamil31@gmail.com,9392762913019,al-tooba-premium-men-s-sexual-wellness-kit
"Life changer wellness formulation","Life changer wellness formulation. High quality authentic herbs that restore vitality and mental clarity.",4,2026-06-21 12:00:00 +0000,"Yasmeen Bano",yasmeenbano64@gmail.com,9392762913019,al-tooba-premium-men-s-sexual-wellness-kit